CustomerID,Name,Region,Email
1,Charlie Sr.,East,user1@example.com
2,David Sr.,,user2@example.com
3,Bob,,user3@example.com
4, Sr.,North,
5,Charlie ,South,user5@example.com
6, Jr.,South,
7,Charlie,East,user7@example.com
8,Eva Sr.,South,user8@example.com
9,Charlie Sr.,North,
10, Sr.,East,
11,Bob ,West,user11@mail.com
12,Alice,East,
13, Sr.,,user13@mail.com
14,Eva,West,user14@example.com
15,Charlie ,West,
16,,South,
17,Bob Sr.,North,user17@mail.com
18,David,East,user18@mail.com
19,Alice Sr.,South,
20,Alice Sr.,North,
21,David,West,user21@example.com
22,Bob Sr.,South,
23,Charlie,East,user23@mail.com
24, Jr.,West,
25,Charlie,,
26,Eva Sr.,North,user26@example.com
27,Bob ,South,user27@mail.com
28,Alice Jr.,South,user28@mail.com
29,David Sr.,East,user29@mail.com
30,David Jr.,South,user30@example.com
31,Alice,East,user31@mail.com
32,Alice,East,
33,Bob Jr.,North,user33@mail.com
34,Eva,South,user34@example.com
35,Bob Jr.,North,
36,Eva Sr.,East,
37, Sr.,,user37@example.com
38, Jr.,South,user38@mail.com
39,Charlie ,East,
40,David ,South,user40@mail.com
41,Bob ,East,user41@mail.com
42,Bob Sr.,South,
43,David Sr.,,user43@mail.com
44,Bob,South,user44@mail.com
45,Eva ,North,
46,David Sr.,,
47,Eva,East,
48,Eva,South,user48@mail.com
49,Eva,West,user49@example.com
50,David Sr.,North,user50@mail.com
51,,North,user51@mail.com
52,David ,,
53,Bob,West,user53@mail.com
54,Alice Sr.,East,user54@mail.com
55,Bob ,,
56,David Jr.,,user56@example.com
57,David,North,
58,,West,
59,Eva Sr.,East,
60,Bob ,West,user60@mail.com
61,Charlie ,,user61@mail.com
62,Eva,West,user62@example.com
63,Bob Sr.,North,user63@mail.com
64,Alice ,South,
65,Eva Jr.,East,user65@example.com
66,,West,
67, ,South,user67@example.com
68,Eva Sr.,North,user68@example.com
69, ,North,user69@example.com
70, Jr.,East,user70@mail.com
71,Alice,West,user71@mail.com
72,Alice Sr.,North,user72@mail.com
73,David,East,
74,David,North,user74@mail.com
75,Charlie Sr.,North,user75@example.com
76,Alice Sr.,South,user76@mail.com
77,Alice Sr.,,user77@example.com
78,Bob ,North,user78@mail.com
79,Eva ,,user79@mail.com
80,Alice Jr.,,user80@example.com
81,Alice ,South,user81@example.com
82,Bob Jr.,,user82@mail.com
83,Bob,East,user83@example.com
84,David Sr.,South,user84@example.com
85,Bob ,North,user85@example.com
86,,North,user86@example.com
87,Bob Sr.,West,user87@example.com
88,,,user88@mail.com
89,Bob ,East,user89@example.com
90,Alice ,North,
91,Bob Sr.,South,user91@mail.com
92,Alice,,
93,David,South,user93@example.com
94,Charlie,South,
95,Charlie,,user95@mail.com
96,Bob ,,user96@mail.com
97,Alice Sr.,East,user97@mail.com
98,David Sr.,East,
99,Charlie Jr.,South,user99@example.com
100,Charlie Jr.,North,user100@example.com
101,David ,West,
102,Bob ,West,
103,Bob ,North,user103@mail.com
104,Charlie Sr.,West,user104@example.com
105, Sr.,South,user105@example.com
106,Eva Jr.,North,
107, ,,user107@example.com
108,,West,user108@mail.com
109,David Sr.,West,user109@example.com
110,Alice Sr.,,user110@mail.com
111,Charlie Sr.,East,
112,David Sr.,East,
113,Eva ,North,user113@mail.com
114,Charlie Jr.,,user114@mail.com
115,Eva Sr.,West,
116,Bob Jr.,South,user116@example.com
117,,North,user117@example.com
118,Eva,East,user118@mail.com
119,,,
120, Sr.,North,user120@example.com
121,Alice,West,
122,Eva ,,user122@mail.com
123,Alice,East,
124, ,,user124@example.com
125,,,user125@example.com
126,Charlie,East,
127, Jr.,North,
128, Jr.,,user128@example.com
129,Eva,North,
130,Charlie,North,user130@mail.com
131,Eva Sr.,West,user131@mail.com
132,David ,,user132@example.com
133,David ,South,user133@mail.com
134,Bob,West,user134@example.com
135, Sr.,,user135@mail.com
136, Jr.,,user136@mail.com
137,Eva,North,
138,Bob Jr.,East,
139,Charlie Sr.,North,
140,,North,user140@example.com
141, Jr.,,user141@mail.com
142,Alice,West,
143, ,West,user143@example.com
144, ,,user144@mail.com
145,David Sr.,East,user145@example.com
146,Bob Jr.,East,user146@example.com
147,Bob,,user147@mail.com
148,Alice Sr.,East,user148@mail.com
149,David Jr.,East,
150,David Sr.,North,user150@example.com
151,Charlie Jr.,,user151@mail.com
152,Eva Sr.,West,user152@mail.com
153,Eva,South,user153@example.com
154,Bob Sr.,South,
155,Eva Sr.,East,user155@mail.com
156,David,East,
157, Jr.,North,user157@mail.com
158, ,,
159,Charlie ,North,
160,David Jr.,North,
161,Bob Sr.,South,user161@mail.com
162,Charlie ,East,user162@example.com
163,Bob ,,user163@example.com
164,David Sr.,North,user164@mail.com
165,Alice,,user165@example.com
166,Alice ,West,user166@example.com
167, ,East,user167@mail.com
168,Eva ,,user168@example.com
169,Bob Sr.,East,
170,Alice Sr.,,user170@example.com
171,Charlie,East,user171@mail.com
172,Bob Sr.,,user172@example.com
173,,,user173@mail.com
174,Alice Jr.,West,user174@example.com
175,,West,
176,David Jr.,,user176@mail.com
177,Charlie Jr.,North,
178,David Sr.,,user178@mail.com
179,Bob Sr.,West,user179@mail.com
180,Bob Sr.,South,user180@mail.com
181, ,West,
182,Eva Sr.,East,user182@mail.com
183,Bob Jr.,West,
184,Alice ,East,
185,Charlie,South,
186,Charlie Sr.,South,user186@mail.com
187,Bob ,,user187@example.com
188,Charlie Jr.,South,
189,Bob,East,user189@example.com
190,Charlie ,East,user190@mail.com
191,Bob Jr.,North,
192,,West,
193, Jr.,South,user193@example.com
194,David ,South,user194@example.com
195,Charlie Jr.,West,user195@example.com
196,Alice ,South,
197,Bob Sr.,,
198, Jr.,,user198@mail.com
199,Charlie Jr.,South,user199@mail.com
200,David Jr.,West,user200@example.com
201,Bob ,,user201@mail.com
202,Alice ,East,
203,Alice Sr.,,user203@mail.com
204,Alice,,user204@example.com
205,Alice Jr.,North,
206,Charlie Jr.,North,
207,Alice Jr.,,user207@mail.com
208,Charlie,South,
209,Eva Sr.,,user209@mail.com
210,David Jr.,East,user210@example.com
211,Alice Sr.,East,
212,Bob Sr.,East,user212@mail.com
213, Sr.,East,user213@example.com
214,Bob ,West,user214@example.com
215, Sr.,,user215@mail.com
216, ,West,user216@mail.com
217,Charlie,South,
218,Alice ,West,user218@example.com
219,Bob Sr.,,user219@example.com
220,Alice Sr.,,user220@example.com
221,Eva Jr.,,user221@example.com
222,Charlie Sr.,West,
223,Charlie Jr.,South,user223@example.com
224,Alice ,South,
225,David ,,
226,Charlie Jr.,North,user226@example.com
227,Bob ,,
228,Bob Sr.,West,user228@example.com
229,Bob ,South,user229@mail.com
230,Bob ,East,user230@example.com
231,Alice Sr.,South,user231@mail.com
232,Alice ,,
233,Alice,,user233@example.com
234,Charlie Jr.,East,user234@mail.com
235,David Sr.,East,user235@mail.com
236,Charlie,North,user236@mail.com
237,Eva ,West,user237@example.com
238,David,North,
239,Alice Jr.,North,user239@example.com
240,Bob Sr.,West,user240@mail.com
241,Bob Jr.,North,user241@mail.com
242,David Sr.,North,
243,Charlie,South,
244,Bob,South,user244@example.com
245,Bob Jr.,South,user245@example.com
246, ,West,user246@mail.com
247,Charlie ,,
248,Charlie ,South,user248@mail.com
249,Alice ,East,user249@example.com
250,Alice Sr.,East,
251,Bob Jr.,South,
252,Eva Jr.,,user252@example.com
253,Alice Jr.,West,
254,Eva Jr.,West,
255,Alice ,,user255@mail.com
256,Bob Sr.,South,user256@mail.com
257,,South,user257@example.com
258,Eva Jr.,East,
259,Alice Sr.,South,user259@mail.com
260,David Jr.,,user260@mail.com
261, Sr.,West,
262, ,North,user262@mail.com
263,Eva Sr.,,user263@example.com
264,Alice,,user264@example.com
265,,South,user265@example.com
266,Eva Sr.,East,user266@example.com
267,Charlie Jr.,East,user267@mail.com
268,Charlie ,West,
269,,East,user269@example.com
270, Jr.,South,user270@example.com
271,David Jr.,East,user271@example.com
272,Charlie ,South,
273,David ,East,user273@example.com
274,Bob Jr.,West,user274@mail.com
275, ,,user275@mail.com
276,Eva,North,user276@mail.com
277,,,user277@example.com
278,David ,North,user278@example.com
279,David ,North,user279@example.com
280,David Jr.,East,user280@example.com
281,,North,user281@example.com
282,Charlie,South,
283, ,North,
284,Eva ,East,
285,,South,user285@example.com
286,Bob,,
287,David Sr.,West,
288,Bob,,
289,Charlie ,West,
290,Alice Sr.,South,user290@example.com
291,Eva,West,
292, Jr.,East,user292@mail.com
293,Bob,South,
294,Charlie,North,user294@example.com
295, Jr.,,user295@example.com
296,Bob Jr.,North,
297,Charlie Jr.,West,user297@mail.com
298,Charlie Jr.,North,user298@mail.com
299,Eva Sr.,,user299@mail.com
300,David ,,user300@mail.com
301, Jr.,,
302,Alice Sr.,,user302@mail.com
303, ,East,user303@mail.com
304,Charlie Jr.,West,user304@mail.com
305,David,East,user305@example.com
306,Eva Sr.,West,user306@example.com
307,David ,,
308,David,,user308@mail.com
309,David Jr.,North,user309@example.com
310,David Jr.,South,
311, Jr.,,
312,Bob,South,
313,Eva ,,user313@example.com
314, ,,
315,Alice ,East,user315@example.com
316,Charlie,,
317,Eva,North,user317@mail.com
318,David Sr.,,
319,Alice ,,user319@mail.com
320, ,,user320@mail.com
321,,West,
322,Charlie ,,user322@example.com
323, ,East,user323@example.com
324, ,South,user324@example.com
325,Charlie Sr.,,user325@mail.com
326,,West,user326@example.com
327,David ,North,user327@example.com
328,David Sr.,,user328@mail.com
329,Eva Jr.,,
330,David,North,user330@mail.com
331,David Sr.,West,user331@mail.com
332,Bob Jr.,East,
333,David Jr.,South,user333@mail.com
334,Bob Jr.,West,user334@mail.com
335,Eva,,user335@mail.com
336,Charlie ,West,user336@example.com
337,Charlie,West,
338,David,West,user338@mail.com
339,Bob Sr.,East,user339@mail.com
340, Jr.,East,user340@mail.com
341,Charlie,North,user341@example.com
342,Eva Jr.,North,
343,Alice Jr.,West,user343@mail.com
344,Eva Sr.,North,
345,Bob Sr.,South,user345@example.com
346,Bob Jr.,East,
347, Jr.,East,user347@mail.com
348,Eva ,West,
349,Eva Jr.,South,user349@example.com
350,Eva Sr.,North,user350@example.com
351, ,East,user351@mail.com
352,Bob ,North,user352@mail.com
353,David Sr.,North,
354, Sr.,North,user354@mail.com
355, Sr.,West,user355@mail.com
356,Bob Jr.,South,user356@example.com
357,Charlie ,North,user357@example.com
358,Eva ,,user358@example.com
359,Alice Jr.,North,user359@example.com
360,Eva ,East,user360@mail.com
361,Eva Sr.,,user361@mail.com
362,Bob Jr.,West,
363,Eva,North,user363@example.com
364,Charlie ,,
365,Bob,,user365@mail.com
366, Sr.,North,user366@mail.com
367,Alice,,user367@mail.com
368,Bob,,user368@mail.com
369,,South,user369@mail.com
370,Bob,North,user370@example.com
371,David Sr.,South,user371@example.com
372,Bob,South,user372@example.com
373,David Jr.,,user373@mail.com
374,Bob,East,user374@mail.com
375,Eva,,
376,,West,user376@example.com
377,Alice ,East,user377@mail.com
378,Bob Jr.,West,user378@mail.com
379,Alice,East,user379@mail.com
380,Charlie ,South,user380@mail.com
381, Jr.,East,
382,Alice ,South,
383,Alice,West,user383@mail.com
384,Alice Jr.,,user384@mail.com
385,Alice Jr.,East,user385@example.com
386,David Jr.,East,user386@mail.com
387,Alice Sr.,East,
388,David Jr.,West,
389,David,North,user389@mail.com
390,Charlie ,East,user390@example.com
391,Alice,South,
392,Eva Sr.,North,
393,Bob,North,user393@example.com
394,Bob,West,user394@example.com
395, Sr.,West,
396,David Sr.,South,
397,Alice Jr.,South,user397@mail.com
398,Eva Jr.,South,user398@mail.com
399,David,South,user399@example.com
400,Bob,West,user400@mail.com
401,Charlie Sr.,,user401@example.com
402,Bob ,East,user402@mail.com
403,Eva Sr.,West,user403@mail.com
404,Eva Jr.,South,user404@mail.com
405,Bob Jr.,North,user405@mail.com
406,Eva ,North,user406@mail.com
407,Alice ,North,
408,Eva,West,user408@mail.com
409,David Jr.,East,user409@example.com
410,Bob Sr.,North,user410@example.com
411,Eva Sr.,East,
412,David ,West,user412@mail.com
413, Jr.,,user413@mail.com
414,Eva,South,
415,Charlie Jr.,West,user415@example.com
416,Alice Sr.,East,
417,Alice Jr.,West,
418, Jr.,,user418@example.com
419,Bob,West,user419@example.com
420,Charlie,East,
421,David ,South,
422,Alice ,North,user422@example.com
423,Eva ,North,user423@mail.com
424,Bob Sr.,North,user424@example.com
425,Eva,North,user425@mail.com
426,Bob Sr.,,
427,Bob ,West,user427@example.com
428,Charlie Sr.,North,
429,Charlie Jr.,East,user429@mail.com
430,Eva,North,user430@mail.com
431,David,,
432,Eva Sr.,West,user432@example.com
433,Alice ,North,
434, Sr.,North,user434@example.com
435,Alice Jr.,South,user435@example.com
436,Alice,,
437,Eva,,
438,Eva ,North,
439,Charlie Sr.,West,user439@example.com
440,Charlie,East,user440@example.com
441,David ,North,
442,Charlie Sr.,North,user442@mail.com
443,Eva ,,
444,Bob Sr.,West,
445,Charlie ,East,user445@mail.com
446,Charlie,South,user446@mail.com
447,Bob,,user447@example.com
448,Alice,North,user448@mail.com
449,Bob Sr.,,user449@mail.com
450,Eva Jr.,East,
451,Eva Sr.,North,user451@mail.com
452,Alice Jr.,North,user452@example.com
453,Bob ,North,
454,Eva ,North,user454@example.com
455,,West,user455@example.com
456,David Sr.,South,user456@mail.com
457,Alice ,West,user457@example.com
458,Charlie ,East,user458@mail.com
459,David Jr.,,user459@example.com
460,Eva,South,
461, Sr.,,user461@example.com
462,Charlie Sr.,East,user462@example.com
463,Eva Jr.,South,
464,Alice,North,
465,Alice Jr.,West,user465@example.com
466, ,East,
467,David,West,user467@mail.com
468,Charlie Jr.,West,
469,Bob,North,
470,David Jr.,West,user470@example.com
471,Bob Jr.,East,
472,Bob ,South,user472@example.com
473,Bob ,South,
474,David ,,user474@example.com
475,Charlie Sr.,East,
476,Bob ,East,user476@mail.com
477,Charlie ,South,user477@mail.com
478,,,user478@example.com
479,Charlie,West,user479@example.com
480,,East,
481,Bob Sr.,,user481@mail.com
482, ,East,user482@mail.com
483,Bob,South,user483@mail.com
484, ,East,
485,Eva Jr.,South,user485@mail.com
486,Alice Sr.,West,user486@example.com
487,Eva ,West,user487@mail.com
488, ,North,
489,Eva ,West,user489@example.com
490,Eva,North,user490@example.com
491,Bob,West,
492,Bob,,
493,David,,
494, ,North,user494@example.com
495,Charlie Jr.,West,user495@mail.com
496, ,North,user496@mail.com
497,David Jr.,,
498,Bob,North,
499,David Jr.,East,user499@mail.com
500,Alice,,user500@mail.com
501, ,South,user501@example.com
502,David,East,
503,Charlie Sr.,South,
504,Alice ,North,user504@mail.com
505,,South,user505@example.com
506,David Sr.,East,user506@example.com
507,Bob Jr.,South,
508,,North,user508@mail.com
509,Charlie Sr.,West,user509@mail.com
510,Bob Sr.,North,user510@mail.com
511,Bob Sr.,North,user511@example.com
512,Bob Sr.,North,
513, Sr.,,user513@example.com
514,Eva ,,user514@mail.com
515,Charlie Sr.,West,user515@mail.com
516,Alice Sr.,East,user516@mail.com
517,David Jr.,South,
518,Eva Sr.,West,
519,Charlie Sr.,South,
520,Bob Jr.,,user520@example.com
521,Charlie Jr.,East,
522,Eva Sr.,East,user522@mail.com
523,Eva Jr.,South,
524, Jr.,East,user524@mail.com
525,Charlie,,user525@mail.com
526,Alice Jr.,South,user526@example.com
527,Charlie Sr.,,user527@mail.com
528,David Jr.,West,user528@example.com
529,David Sr.,South,user529@mail.com
530, ,East,user530@mail.com
531, Sr.,West,user531@mail.com
532,Charlie Jr.,,user532@mail.com
533,Bob,South,user533@example.com
534, Jr.,South,
535,Charlie Jr.,South,user535@example.com
536,Alice Jr.,West,user536@example.com
537,Eva Sr.,,user537@example.com
538,David Jr.,South,user538@mail.com
539,Bob ,,user539@example.com
540, ,,user540@mail.com
541,David ,North,user541@example.com
542, ,,
543,Alice ,North,user543@example.com
544,Eva ,North,
545,Bob Jr.,South,
546, Jr.,West,user546@mail.com
547,Alice Sr.,West,user547@mail.com
548,David Jr.,North,user548@example.com
549,Charlie ,North,user549@mail.com
550,,North,user550@example.com
551,Charlie ,South,user551@mail.com
552,Alice,,user552@example.com
553,Charlie Jr.,,
554,Charlie Jr.,West,user554@mail.com
555,Charlie Jr.,East,user555@example.com
556,David ,North,
557,Eva ,,user557@mail.com
558,Alice ,North,user558@example.com
559,David Jr.,,user559@example.com
560,Charlie Jr.,South,
561,Eva ,North,
562, Jr.,South,
563, ,East,
564,Eva,North,user564@example.com
565,Bob,East,user565@example.com
566,Alice Jr.,West,user566@example.com
567,David Sr.,North,user567@example.com
568,Eva Jr.,South,user568@mail.com
569,David ,,user569@mail.com
570, Jr.,,user570@example.com
571,Bob Jr.,,
572,Eva Jr.,South,user572@example.com
573,David ,West,user573@mail.com
574,Alice Jr.,West,user574@example.com
575,Alice Jr.,East,
576,Eva Sr.,East,user576@mail.com
577, ,North,user577@example.com
578,David ,West,user578@example.com
579,David ,South,
580,Eva Jr.,North,user580@example.com
581,Eva Sr.,,user581@example.com
582,Bob ,East,user582@example.com
583,Charlie Sr.,South,user583@mail.com
584,Eva ,West,user584@mail.com
585,Alice ,North,user585@mail.com
586,David ,,user586@example.com
587,Eva Sr.,North,user587@mail.com
588, Sr.,West,user588@mail.com
589,Charlie,East,user589@mail.com
590, Jr.,East,
591,Bob,East,
592,Alice,East,user592@mail.com
593,Bob,North,
594,Bob Jr.,South,
595,Eva,East,user595@mail.com
596,David Jr.,North,
597,Eva Sr.,North,user597@example.com
598,Eva,East,user598@example.com
599,Charlie Jr.,West,user599@example.com
600,,South,user600@example.com
601,Bob Sr.,West,user601@mail.com
602,Eva Jr.,West,
603,David,South,
604,Alice Sr.,North,
605,Alice Jr.,West,user605@example.com
606,Charlie Jr.,,user606@mail.com
607, ,East,
608,Alice,North,user608@example.com
609,David Jr.,,user609@example.com
610,Eva Sr.,South,user610@example.com
611,Alice Jr.,West,user611@example.com
612,David Sr.,,user612@example.com
613,David Sr.,West,
614,David ,East,
615,Bob Sr.,,user615@mail.com
616,Bob Jr.,East,user616@example.com
617,Eva,West,
618,Charlie ,North,user618@mail.com
619,Bob,East,user619@example.com
620, ,South,user620@mail.com
621,Alice ,North,user621@example.com
622,Eva Sr.,West,
623,Eva ,East,
624,Bob Jr.,West,
625,Eva Jr.,West,user625@mail.com
626,Alice Jr.,North,user626@mail.com
627,Eva ,,user627@mail.com
628,David Jr.,North,user628@mail.com
629, Sr.,,
630,David Jr.,South,
631,Bob Jr.,West,user631@example.com
632,Charlie Jr.,East,
633,David Jr.,East,user633@mail.com
634,David Jr.,North,user634@mail.com
635, ,North,user635@example.com
636,Charlie Jr.,North,user636@mail.com
637,David Jr.,West,user637@mail.com
638,Alice Sr.,West,
639, ,North,user639@mail.com
640, Jr.,North,user640@example.com
641, Sr.,North,
642,Charlie,North,user642@mail.com
643,David ,North,
644,Bob Sr.,West,user644@mail.com
645,David Jr.,South,user645@example.com
646,Bob,,user646@mail.com
647,Bob ,,
648,Charlie Jr.,West,
649,Alice,North,user649@mail.com
650,Bob,East,user650@example.com
651,Alice,East,user651@mail.com
652,Bob,West,user652@mail.com
653,Charlie,West,
654,Bob,North,
655,Eva Sr.,West,user655@example.com
656,David ,,
657,Charlie,South,
658,Bob Jr.,North,user658@mail.com
659,David Jr.,South,
660,Eva ,South,
661,Eva Jr.,East,
662,Bob Jr.,East,user662@mail.com
663,David Jr.,,user663@mail.com
664,Charlie Sr.,North,user664@example.com
665,Eva,East,user665@mail.com
666,Alice,North,user666@example.com
667,Bob,,user667@example.com
668,Alice Jr.,North,user668@mail.com
669,David Sr.,North,user669@example.com
670,Alice Sr.,East,
671,Alice,,user671@mail.com
672, Sr.,North,user672@example.com
673,Charlie Jr.,South,user673@mail.com
674,David,North,user674@mail.com
675, Jr.,West,user675@mail.com
676,Alice Jr.,,user676@example.com
677,Charlie ,,user677@mail.com
678,Bob ,South,user678@example.com
679,David Sr.,,
680,Charlie ,North,
681,Eva,,
682,Charlie Jr.,South,
683,Bob ,South,user683@mail.com
684,Alice ,North,
685,David Sr.,West,user685@example.com
686,David ,North,
687,Charlie,South,user687@mail.com
688,Charlie ,,user688@mail.com
689,Eva,West,user689@mail.com
690,David Sr.,South,user690@mail.com
691,Alice Jr.,North,user691@mail.com
692,Alice,,user692@mail.com
693,Bob Jr.,South,
694,Bob ,East,
695,Eva Jr.,,
696,Charlie ,North,
697,Alice Sr.,East,user697@example.com
698,Bob,South,
699,David Jr.,,user699@example.com
700, Jr.,West,
701,Charlie ,South,user701@example.com
702,Eva ,,
703,Eva Jr.,West,user703@example.com
704,Bob,West,user704@mail.com
705,Alice Jr.,South,user705@example.com
706,Bob Sr.,,user706@example.com
707,Alice Sr.,West,user707@example.com
708,,,user708@mail.com
709,Eva Jr.,West,user709@example.com
710,Eva,East,user710@mail.com
711,Bob ,,user711@mail.com
712,Alice Sr.,South,user712@mail.com
713,David Sr.,,user713@mail.com
714, Jr.,South,user714@mail.com
715,Eva ,,user715@example.com
716,Charlie Sr.,West,user716@example.com
717,Charlie,East,user717@mail.com
718, ,,user718@example.com
719, Jr.,North,user719@example.com
720,Eva Jr.,South,user720@example.com
721,Eva,West,
722,Eva,,user722@mail.com
723,David Jr.,South,user723@example.com
724,Charlie Sr.,East,
725, Jr.,West,
726,Alice ,,user726@example.com
727,Charlie,East,
728,Bob ,East,
729,David Jr.,,user729@example.com
730,David Sr.,South,user730@mail.com
731,David Jr.,East,
732,Charlie Jr.,,
733,David ,North,
734,David Sr.,,user734@mail.com
735,Charlie,South,user735@example.com
736,David,West,user736@example.com
737,David,West,user737@example.com
738,Alice Jr.,South,user738@example.com
739,Charlie Sr.,West,user739@example.com
740,,,user740@example.com
741,Bob,North,user741@example.com
742,Charlie ,,user742@example.com
743,Eva,South,
744,Bob ,,user744@example.com
745,David ,East,user745@mail.com
746,Charlie Jr.,East,user746@example.com
747,,East,user747@example.com
748,Alice Sr.,East,user748@example.com
749,Bob Sr.,East,
750,Bob Sr.,North,user750@mail.com
751,Charlie,East,user751@mail.com
752,Bob Jr.,West,
753,David Jr.,North,
754,Charlie Jr.,North,user754@mail.com
755,David,North,user755@example.com
756,David,North,user756@example.com
757,Eva,,
758,Charlie ,North,user758@mail.com
759,Eva Sr.,,
760,Alice Sr.,West,user760@mail.com
761,Bob Jr.,West,user761@example.com
762,,South,
763,Charlie Sr.,South,user763@mail.com
764, Sr.,North,
765,Bob,,
766,David ,South,user766@example.com
767,David Sr.,East,user767@mail.com
768,David Sr.,South,
769,Alice ,East,user769@mail.com
770,Charlie Jr.,West,user770@mail.com
771,David Jr.,East,
772,David ,East,user772@example.com
773,Bob,South,user773@mail.com
774,Eva,North,user774@mail.com
775,Charlie Sr.,South,user775@mail.com
776,David Sr.,West,
777,Charlie ,East,user777@mail.com
778,Eva Jr.,West,user778@mail.com
779,David,North,
780,Alice,South,user780@example.com
781,David,West,user781@mail.com
782,Charlie ,,user782@example.com
783,Alice Sr.,North,user783@mail.com
784,David,West,user784@example.com
785,Charlie Jr.,,
786,Charlie,South,user786@example.com
787,Bob,West,user787@example.com
788,Charlie Sr.,West,
789,Charlie ,North,user789@example.com
790,Charlie ,North,user790@mail.com
791, Jr.,South,user791@example.com
792,Bob,East,
793,Eva ,South,
794,Eva Sr.,East,user794@example.com
795, Jr.,North,
796,Alice,West,user796@mail.com
797,Eva Sr.,,user797@example.com
798,Eva,South,user798@example.com
799,Charlie Jr.,,user799@mail.com
800,Eva Jr.,East,user800@mail.com
801,Eva,South,
802,Eva ,East,
803,David ,,user803@example.com
804,David,North,user804@example.com
805,Charlie Jr.,West,
806, Jr.,South,user806@example.com
807,Alice,West,user807@mail.com
808,Alice ,,user808@example.com
809, Sr.,South,user809@mail.com
810, Jr.,West,user810@example.com
811, ,West,
812,Eva Jr.,East,
813, Sr.,North,user813@mail.com
814,Alice Jr.,North,user814@mail.com
815,Bob,East,user815@mail.com
816,Eva,,user816@mail.com
817,Eva ,North,user817@example.com
818,Eva ,North,
819,Bob Jr.,West,
820,Charlie,,
821,Eva,South,user821@example.com
822,Eva ,East,
823,David Jr.,East,
824,David Sr.,East,user824@mail.com
825,Charlie,South,user825@mail.com
826,Eva Sr.,,user826@mail.com
827,Eva Sr.,South,
828,David Sr.,,user828@mail.com
829,Eva ,West,user829@mail.com
830,David,North,user830@example.com
831,Bob Jr.,North,user831@mail.com
832, ,South,
833,David ,,user833@mail.com
834,David Jr.,East,user834@mail.com
835,Charlie Jr.,South,user835@mail.com
836,Charlie,,user836@mail.com
837,Eva Sr.,West,user837@mail.com
838, Sr.,,user838@mail.com
839,Bob Jr.,North,user839@mail.com
840,Bob ,North,user840@example.com
841,Bob Jr.,East,user841@example.com
842,Charlie Jr.,North,user842@example.com
843,Eva ,South,user843@example.com
844,Charlie ,,user844@example.com
845,Charlie ,South,user845@mail.com
846,Alice ,South,
847,David Sr.,South,
848,Eva ,,
849,Charlie Sr.,North,user849@mail.com
850,Eva Jr.,West,
851, ,East,
852,David ,East,user852@mail.com
853,Charlie,North,user853@mail.com
854,Bob Jr.,South,user854@example.com
855,Eva Jr.,West,
856,Eva Jr.,West,user856@mail.com
857,Charlie Sr.,,user857@example.com
858,Alice ,West,
859,Charlie ,,
860,Charlie,North,user860@example.com
861,David ,East,user861@mail.com
862,Alice,South,
863,Eva Sr.,South,user863@example.com
864,David,North,
865,David ,South,user865@example.com
866,Eva,South,
867,Eva ,East,user867@example.com
868,Eva Sr.,South,
869,Alice ,North,
870,Bob ,South,user870@mail.com
871, Jr.,West,user871@mail.com
872,David Jr.,South,user872@example.com
873,Alice Jr.,West,user873@example.com
874,Bob Jr.,South,user874@mail.com
875,Charlie Sr.,South,user875@example.com
876,Alice Sr.,East,
877,Bob ,,user877@example.com
878,Alice Sr.,North,user878@mail.com
879,Eva Jr.,,user879@example.com
880,Eva ,South,user880@example.com
881,Alice,East,user881@example.com
882,Charlie Sr.,North,user882@mail.com
883,Charlie Sr.,,user883@mail.com
884,Alice,West,user884@example.com
885,David,West,user885@example.com
886,Eva ,,user886@mail.com
887,Bob,West,user887@mail.com
888,Alice Sr.,South,user888@mail.com
889,Eva Jr.,North,user889@mail.com
890,Charlie Jr.,East,user890@example.com
891,Charlie,North,
892,Charlie ,North,user892@example.com
893, Sr.,South,
894,Eva Sr.,,
895,Bob ,,
896,Bob Jr.,North,user896@example.com
897,Eva Sr.,North,user897@example.com
898,David ,South,
899,Eva Sr.,West,user899@mail.com
900, ,South,
901,Bob Jr.,West,user901@mail.com
902,Bob Jr.,,
903,David Jr.,South,user903@mail.com
904,David ,West,
905, Jr.,East,user905@mail.com
906,David,South,
907,David Sr.,West,
908,Alice Jr.,West,user908@mail.com
909,Eva ,East,user909@mail.com
910,Eva,East,user910@example.com
911, Jr.,East,
912,Alice ,North,
913,David ,West,
914,Alice ,North,
915,Charlie Jr.,West,user915@example.com
916,Alice ,South,
917,Bob Jr.,East,user917@mail.com
918,Alice Sr.,,user918@mail.com
919,Bob Sr.,South,
920,David Sr.,South,user920@mail.com
921,Alice Jr.,,user921@mail.com
922,Alice,West,user922@example.com
923,Alice ,South,user923@example.com
924,Eva Sr.,,user924@mail.com
925, ,,
926,David,South,user926@example.com
927,Eva ,,user927@mail.com
928,David Jr.,West,user928@mail.com
929,Charlie Jr.,West,user929@example.com
930, Jr.,,
931,Charlie Sr.,,user931@mail.com
932, ,East,user932@example.com
933,Alice Sr.,,user933@example.com
934,Bob Jr.,West,user934@example.com
935,Eva ,North,user935@mail.com
936, Jr.,West,
937, Sr.,,user937@mail.com
938,Bob Jr.,East,user938@example.com
939,Eva ,North,user939@mail.com
940,Bob,North,
941,David ,South,
942,David Jr.,West,user942@example.com
943,Alice ,East,user943@mail.com
944,David,,user944@mail.com
945,Bob ,West,user945@mail.com
946,Alice Sr.,South,user946@example.com
947,,South,
948,David Sr.,,user948@example.com
949,Bob Jr.,West,
950,Charlie Sr.,West,user950@example.com
951,Alice Sr.,South,user951@mail.com
952, Sr.,,
953,David ,East,user953@example.com
954,David ,,user954@example.com
955,David Jr.,North,user955@mail.com
956,David ,,user956@example.com
957,Bob Jr.,North,user957@example.com
958,Charlie,,
959,Bob ,,
960,Charlie ,,
961,Bob,North,user961@mail.com
962,Charlie Sr.,South,user962@example.com
963, Jr.,South,user963@mail.com
964,Bob ,North,
965,Bob Sr.,,user965@mail.com
966,Charlie ,East,
967, ,North,user967@mail.com
968, Sr.,North,
969,Alice,North,user969@mail.com
970,Eva,East,user970@example.com
971,Eva Jr.,,user971@mail.com
972,Alice Sr.,South,user972@mail.com
973,Alice ,South,user973@example.com
974,Eva Jr.,East,
975,Bob Sr.,,user975@example.com
976,David ,North,
977,,East,user977@mail.com
978,Eva,,user978@mail.com
979,Eva Sr.,South,user979@example.com
980,Alice Sr.,North,user980@example.com
981,Eva ,West,user981@mail.com
982,Alice Sr.,,
983, Sr.,East,user983@example.com
984,David Sr.,South,user984@mail.com
985,Eva ,North,
986,Alice,West,user986@example.com
987,Bob Jr.,North,user987@mail.com
988,Alice Sr.,,
989,David,South,
990,David,,
991,Alice Jr.,South,user991@mail.com
992, ,North,user992@example.com
993,Charlie ,East,user993@mail.com
994, Jr.,South,user994@mail.com
995,,North,user995@mail.com
996,Bob Sr.,East,user996@example.com
997,Charlie ,West,
998,David Sr.,,user998@mail.com
999,Bob ,West,
1000,David,East,user1000@example.com
